{"initial_reset_timestamp": 1641734508.8149993, "timestamps": [1641734512.8709984], "episode_lengths": [3552], "episode_rewards": [-21.0], "episode_types": ["t", "t"]}